sequence,source_frame,inflate_us,scale_us,dma_wait_us,lcd_us,work_us,skipped,deadline_missed
0,48,6167,2594,28473,31310,37479,0,0
1,49,6241,2594,28472,31309,37552,0,0
2,50,6519,2602,28466,31310,37831,0,0
3,51,6361,2602,28468,31315,37677,0,0
4,52,6631,2589,28467,31309,37942,0,0
5,53,6649,2595,28467,31309,37960,0,0
6,54,6807,2596,28472,31310,38118,0,0
7,55,7185,2601,28467,31309,38496,0,0
8,56,7223,2601,28467,31315,38540,0,0
9,57,7170,2597,28472,31309,38481,0,0
10,58,7281,2602,28466,31310,38592,0,0
11,59,7187,2606,28466,31315,38504,0,0
12,60,6811,2596,28472,31310,38123,0,0
13,61,6908,2595,28467,31315,38225,0,0
14,62,6851,2588,28473,31310,38163,0,0
15,63,6935,2601,28466,31309,38246,0,0
16,64,6761,2607,28465,31315,38078,0,0
17,65,6833,2595,28472,31310,38144,0,0
18,66,7211,2594,28478,31315,38528,0,0
19,67,7385,2601,28466,31309,38696,0,0
20,68,7703,2600,28466,31309,39014,0,0
21,69,7413,2606,28465,31315,38730,0,0
22,70,7012,2595,28467,31309,38323,0,0
23,71,7062,2602,28473,31316,38380,0,0
24,72,7160,2595,28470,31309,38471,0,0
25,73,7335,2596,28467,31310,38647,0,0
26,74,7538,2601,28466,31309,38849,0,0
27,75,7782,2594,28468,31309,39093,0,0
28,76,8051,2595,28473,31310,39363,0,0
29,77,8419,2602,28466,31310,39731,0,0
30,78,7681,2594,28468,31309,38992,0,0
31,79,7567,2596,28472,31309,38878,0,0
32,80,7349,2594,28468,31309,38660,0,0
33,81,7486,2600,28473,31321,38809,0,0
34,82,7681,2601,28471,31315,38998,0,0
35,83,7844,2595,28472,31310,39155,0,0
36,84,7970,2600,28466,31310,39281,0,0
37,85,7896,2606,28465,31315,39213,0,0
38,86,7992,2596,28471,31315,39309,0,0
39,87,7916,2597,28477,31315,39232,0,0
40,88,7759,2606,28467,31316,39076,0,0
41,89,7113,2607,28466,31315,38429,0,0
42,90,7756,2600,28466,31309,39067,0,0
43,91,7666,2602,28472,31315,38983,0,0
44,92,7845,2595,28471,31309,39156,0,0
45,93,8054,2601,28466,31310,39366,0,0
46,94,8343,2595,28468,31309,39654,0,0
47,95,8803,2594,28476,31314,40119,0,0
48,96,8943,2596,28472,31309,40254,0,0
49,97,9029,2595,28467,31309,40340,0,0
50,98,8067,2601,28478,31321,39390,0,0
51,99,7485,2601,28467,31315,38802,0,0
52,100,7475,2596,28475,31312,38789,0,0
53,101,7699,2595,28477,31314,39015,0,0
54,102,7705,2595,28466,31309,39016,0,0
55,103,7913,2606,28466,31315,39230,0,0
56,104,8183,2601,28477,31320,39505,0,0
57,105,8795,2601,28466,31309,40106,0,0
58,106,8882,2606,28467,31315,40199,0,0
59,107,8866,2595,28470,31309,40177,0,0
60,108,8431,2601,28472,31316,39749,0,0
61,109,8355,2594,28468,31309,39666,0,0
62,110,7432,2601,28465,31309,38743,0,0
63,111,7362,2601,28473,31315,38679,0,0
64,112,7409,2601,28466,31309,38720,0,0
65,113,7422,2600,28467,31310,38733,0,0
66,114,7117,2595,28466,31309,38428,0,0
67,115,7270,2594,28478,31314,38586,0,0
68,116,7358,2601,28467,31309,38669,0,0
69,117,7370,2602,28472,31315,38686,0,0
70,118,7406,2602,28466,31310,38718,0,0
71,119,7379,2595,28466,31309,38690,0,0
72,120,7260,2595,28472,31310,38572,0,0
73,121,7433,2602,28466,31310,38745,0,0
74,122,7645,2601,28466,31309,38956,0,0
75,123,7786,2602,28467,31309,39097,0,0
76,124,7868,2603,28472,31315,39185,0,0
77,125,7974,2595,28471,31310,39285,0,0
78,126,7832,2596,28472,31315,39149,0,0
79,127,7802,2608,28466,31315,39118,0,0
80,128,7772,2601,28466,31309,39083,0,0
81,129,7818,2596,28468,31309,39129,0,0
82,130,7347,2602,28466,31309,38658,0,0
83,131,7088,2600,28478,31321,38411,0,0
84,132,7085,2600,28466,31309,38396,0,0
85,133,6992,2595,28472,31309,38303,0,0
86,134,6756,2601,28466,31310,38067,0,0
87,135,6349,2588,28474,31309,37660,0,0
88,136,5849,2600,28468,31315,37165,0,0
89,137,5447,2601,28467,31310,36758,0,0
90,138,4306,2596,28472,31310,35618,0,0
91,139,4167,2594,28468,31310,35478,0,0
92,140,3983,2595,28471,31309,35294,0,0
93,141,4294,2596,28472,31309,35605,0,0
94,142,4900,2606,28466,31316,36217,0,0
95,143,5003,2597,28476,31314,36319,0,0
96,144,5159,2596,28478,31315,36476,0,0
97,145,5691,2591,28474,31311,37004,0,0
98,146,5957,2596,28472,31309,37268,0,0
99,147,6069,2595,28475,31313,37384,0,0
100,148,6150,2600,28466,31309,37461,0,0
101,149,6435,2594,28473,31310,37747,0,0
102,150,6824,2602,28466,31310,38136,0,0
103,151,6830,2606,28465,31315,38147,0,0
104,152,7054,2600,28472,31315,38371,0,0
105,153,6942,2596,28467,31310,38254,0,0
106,154,7214,2594,28471,31309,38525,0,0
107,155,7551,2595,28466,31309,38862,0,0
108,156,7768,2595,28473,31310,39080,0,0
109,157,8014,2600,28468,31310,39326,0,0
110,158,8370,2601,28466,31310,39681,0,0
111,159,8474,2608,28466,31315,39791,0,0
112,160,8469,2601,28465,31309,39780,0,0
113,161,8437,2595,28474,31311,39750,0,0
114,162,8228,2594,28473,31310,39539,0,0
115,163,8025,2600,28466,31309,39336,0,0
116,164,8063,2600,28472,31315,39380,0,0
117,165,7986,2595,28471,31310,39298,0,0
118,166,7749,2602,28471,31315,39066,0,0
119,167,7670,2601,28467,31309,38981,0,0
120,168,7519,2606,28466,31315,38836,0,0
121,169,7410,2596,28476,31314,38726,0,0
122,170,7261,2608,28465,31315,38578,0,0
123,171,7105,2600,28466,31309,38416,0,0
124,172,7078,2594,28469,31309,38389,0,0
125,173,6995,2595,28472,31310,38307,0,0
126,174,6872,2595,28477,31315,38188,0,0
127,175,6912,2600,28475,31316,38230,0,0
128,176,6970,2594,28473,31310,38282,0,0
129,177,6933,2600,28467,31310,38244,0,0
130,178,7042,2602,28466,31310,38354,0,0
131,179,6940,2590,28472,31309,38251,0,0
132,180,6924,2600,28466,31309,38235,0,0
133,181,6964,2606,28466,31316,38281,0,0
134,182,6923,2596,28472,31310,38235,0,0
135,183,6995,2595,28474,31311,38308,0,0
136,184,7106,2596,28477,31314,38422,0,0
137,185,7122,2600,28474,31321,38445,0,0
138,186,6937,2601,28466,31309,38248,0,0
139,187,6933,2606,28466,31315,38249,0,0
140,188,6916,2595,28470,31309,38227,0,0
141,189,6912,2601,28466,31309,38223,0,0
142,190,7074,2601,28465,31309,38385,0,0
143,191,7167,2607,28466,31315,38484,0,0
144,192,7160,2601,28464,31309,38471,0,0
145,193,7073,2600,28466,31309,38384,0,0
146,194,7270,2606,28466,31315,38587,0,0
147,195,7284,2589,28471,31309,38595,0,0
148,196,7303,2594,28467,31310,38614,0,0
149,197,7485,2602,28466,31310,38796,0,0
150,198,7466,2601,28478,31321,38789,0,0
151,199,7419,2597,28467,31310,38731,0,0
152,200,7494,2601,28466,31309,38805,0,0
153,201,7598,2600,28467,31316,38916,0,0
154,202,7683,2595,28473,31310,38994,0,0
155,203,7710,2601,28466,31309,39021,0,0
156,204,7769,2596,28467,31309,39080,0,0
157,205,7758,2602,28473,31315,39075,0,0
158,206,7802,2600,28467,31310,39113,0,0
159,207,7802,2595,28472,31309,39113,0,0
160,208,7877,2608,28466,31315,39194,0,0
161,209,7814,2601,28466,31310,39125,0,0
162,210,7841,2601,28466,31309,39152,0,0
163,211,7803,2601,28472,31321,39125,0,0
164,212,7798,2600,28466,31309,39109,0,0
165,213,7750,2601,28466,31310,39061,0,0
166,214,7715,2595,28476,31314,39031,0,0
167,215,7718,2602,28466,31310,39030,0,0
168,216,7714,2596,28474,31309,39025,0,0
169,217,7717,2596,28477,31315,39034,0,0
170,218,7413,2601,28466,31310,38724,0,0
171,219,7404,2589,28473,31310,38716,0,0
172,220,7426,2595,28467,31309,38737,0,0
173,221,7370,2595,28477,31314,38686,0,0
174,222,7340,2596,28472,31309,38651,0,0
175,223,7302,2602,28465,31309,38613,0,0
176,224,7252,2601,28477,31321,38575,0,0
177,225,7339,2595,28471,31309,38650,0,0
178,226,6711,2594,28472,31309,38022,0,0
179,227,7170,2601,28473,31315,38487,0,0
180,228,7371,2595,28471,31309,38682,0,0
181,229,7628,2596,28471,31309,38939,0,0
182,230,7942,2596,28472,31310,39254,0,0
183,231,8174,2601,28466,31309,39485,0,0
184,232,8306,2602,28466,31310,39618,0,0
185,233,8310,2606,28468,31315,39627,0,0
186,234,8396,2593,28477,31314,39712,0,0
187,235,8295,2601,28465,31309,39606,0,0
188,236,8152,2603,28468,31315,39469,0,0
189,237,8080,2601,28467,31309,39391,0,0
190,238,7895,2606,28466,31315,39211,0,0
191,239,7885,2596,28471,31315,39202,0,0
192,0,5431,2601,28472,31315,36748,0,0
193,1,5435,2596,28467,31309,36746,0,0
194,2,5480,2596,28478,31315,36797,0,0
195,3,5497,2601,28478,31321,36820,0,0
196,4,5493,2601,28466,31309,36804,0,0
197,5,5525,2601,28467,31309,36836,0,0
198,6,5601,2600,28477,31321,36924,0,0
199,7,5620,2596,28472,31309,36931,0,0
200,8,5658,2600,28467,31309,36969,0,0
201,9,5680,2607,28466,31315,36996,0,0
202,10,5712,2595,28472,31310,37023,0,0
203,11,5767,2602,28467,31310,37079,0,0
204,12,5803,2595,28467,31309,37114,0,0
205,13,5818,2601,28466,31315,37135,0,0
206,14,5909,2595,28477,31314,37224,0,0
207,15,5902,2595,28468,31309,37213,0,0
208,16,5979,2607,28467,31315,37296,0,0
209,17,5967,2596,28472,31309,37278,0,0
210,18,5944,2595,28472,31310,37256,0,0
211,19,6038,2597,28468,31315,37355,0,0
212,20,6035,2595,28472,31310,37347,0,0
213,21,6068,2601,28467,31309,37379,0,0
214,22,6147,2595,28467,31309,37458,0,0
215,23,6129,2603,28473,31315,37446,0,0
216,24,6206,2600,28466,31310,37517,0,0
217,25,6221,2602,28465,31310,37533,0,0
218,26,6263,2603,28468,31315,37580,0,0
219,27,6303,2597,28472,31310,37615,0,0
220,28,6272,2594,28477,31314,37588,0,0
221,29,6324,2607,28466,31315,37641,0,0
222,30,6368,2596,28471,31310,37680,0,0
223,31,6425,2601,28467,31309,37736,0,0
224,32,6422,2601,28466,31310,37734,0,0
225,33,6451,2602,28472,31315,37768,0,0
226,34,6510,2602,28466,31309,37821,0,0
227,35,6483,2595,28468,31309,37794,0,0
228,36,6561,2607,28466,31315,37877,0,0
229,37,6690,2594,28477,31314,38006,0,0
230,38,6924,2596,28475,31313,38239,0,0
231,39,7034,2595,28470,31311,38347,0,0
232,40,6936,2601,28467,31315,38253,0,0
233,41,6862,2602,28465,31310,38174,0,0
234,42,6507,2601,28467,31315,37824,0,0
235,43,6160,2595,28468,31310,37471,0,0
236,44,5935,2594,28473,31311,37247,0,0
237,45,5962,2596,28471,31309,37273,0,0
238,46,6019,2607,28467,31315,37336,0,0
239,47,6218,2600,28472,31316,37536,0,0
240,48,6167,2596,28473,31312,37481,0,0
241,49,6247,2600,28466,31309,37558,0,0
242,50,6520,2596,28477,31314,37835,0,0
243,51,6361,2596,28479,31315,37677,0,0
244,52,6637,2595,28471,31309,37948,0,0
245,53,6648,2601,28465,31309,37959,0,0
246,54,6807,2601,28467,31309,38118,0,0
247,55,7191,2596,28476,31313,38506,0,0
248,56,7223,2602,28473,31316,38541,0,0
249,57,7170,2596,28474,31312,38484,0,0
250,58,7287,2596,28478,31315,38604,0,0
251,59,7187,2602,28468,31315,38504,0,0
252,60,6812,2601,28466,31309,38123,0,0
253,61,6914,2607,28466,31315,38230,0,0
254,62,6851,2594,28472,31309,38162,0,0
255,63,6935,2594,28467,31309,38246,0,0
256,64,6767,2595,28473,31310,38079,0,0
257,65,6832,2595,28476,31314,38147,0,0
258,66,7211,2601,28466,31309,38522,0,0
259,67,7391,2594,28473,31315,38708,0,0
260,68,7702,2602,28466,31310,39014,0,0
261,69,7413,2596,28471,31309,38724,0,0
262,70,7012,2608,28467,31315,38329,0,0
263,71,7062,2596,28473,31309,38373,0,0
264,72,7160,2596,28468,31310,38472,0,0
265,73,7341,2602,28465,31309,38652,0,0
266,74,7537,2596,28475,31313,38852,0,0
267,75,7781,2595,28474,31311,39094,0,0
268,76,8051,2607,28466,31315,39367,0,0
269,77,8413,2595,28473,31322,39737,0,0
270,78,7676,2600,28468,31316,38994,0,0
271,79,7572,2600,28465,31310,38883,0,0
272,80,7342,2602,28473,31316,38660,0,0
273,81,7486,2600,28471,31316,38803,0,0
274,82,7687,2595,28472,31309,38998,0,0
275,83,7844,2596,28477,31315,39161,0,0
276,84,7971,2596,28479,31315,39288,0,0
277,85,7902,2602,28471,31315,39219,0,0
278,86,7993,2595,28472,31309,39304,0,0
279,87,7916,2600,28466,31309,39227,0,0
280,88,7766,2596,28472,31309,39077,0,0
281,89,7113,2594,28472,31309,38424,0,0
282,90,7751,2595,28467,31316,39069,0,0
283,91,7671,2595,28472,31310,38982,0,0
284,92,7844,2596,28472,31315,39161,0,0
285,93,8055,2601,28465,31309,39366,0,0
286,94,8349,2602,28465,31309,39660,0,0
287,95,8802,2602,28466,31310,40114,0,0
288,96,8943,2601,28467,31309,40254,0,0
289,97,9029,2606,28466,31315,40346,0,0
290,98,8067,2594,28476,31314,39383,0,0
291,99,7485,2589,28474,31309,38796,0,0
292,100,7481,2601,28466,31310,38792,0,0
293,101,7698,2602,28466,31310,39010,0,0
294,102,7699,2609,28465,31315,39016,0,0
295,103,7920,2600,28473,31315,39237,0,0
296,104,8183,2602,28471,31315,39500,0,0
297,105,8795,2595,28471,31309,40106,0,0
298,106,8889,2600,28467,31315,40206,0,0
299,107,8866,2594,28477,31314,40182,0,0
300,108,8431,2596,28471,31310,39743,0,0
301,109,8360,2602,28465,31309,39671,0,0
302,110,7426,2601,28467,31315,38743,0,0
303,111,7362,2595,28472,31309,38673,0,0
304,112,7414,2596,28468,31309,38725,0,0
305,113,7416,2606,28466,31315,38733,0,0
306,114,7117,2596,28471,31310,38428,0,0
307,115,7274,2601,28467,31310,38585,0,0
308,116,7352,2603,28475,31318,38672,0,0
309,117,7370,2596,28471,31309,38681,0,0
310,118,7413,2596,28467,31309,38724,0,0
311,119,7373,2606,28466,31315,38690,0,0
312,120,7261,2602,28466,31309,38572,0,0
313,121,7439,2596,28476,31314,38754,0,0
314,122,7644,2595,28466,31309,38955,0,0
315,123,7780,2596,28478,31322,39104,0,0
316,124,7874,2601,28472,31315,39191,0,0
317,125,7974,2595,28478,31315,39291,0,0
318,126,7831,2602,28465,31309,39142,0,0
319,127,7807,2596,28471,31309,39118,0,0
320,128,7773,2595,28476,31314,39088,0,0
321,129,7817,2594,28473,31310,39129,0,0
322,130,7352,2596,28472,31309,38663,0,0
323,131,7088,2595,28477,31314,38404,0,0
324,132,7084,2596,28467,31310,38396,0,0
325,133,6992,2609,28466,31315,38309,0,0
326,134,6756,2596,28468,31309,38067,0,0
327,135,6350,2595,28471,31309,37661,0,0
328,136,5854,2601,28472,31315,37170,0,0
329,137,5442,2601,28467,31315,36758,0,0
330,138,4306,2597,28469,31311,35618,0,0
331,139,4173,2601,28466,31309,35484,0,0
332,140,3983,2596,28478,31315,35300,0,0
333,141,4293,2596,28465,31310,35605,0,0
334,142,4907,2602,28468,31315,36224,0,0
335,143,5003,2594,28471,31310,36314,0,0
336,144,5158,2601,28466,31310,36469,0,0
337,145,5698,2596,28472,31309,37009,0,0
338,146,5957,2600,28466,31310,37269,0,0
339,147,6069,2600,28466,31309,37380,0,0
340,148,6156,2594,28472,31310,37468,0,0
341,149,6429,2608,28465,31315,37746,0,0
342,150,6825,2595,28472,31309,38136,0,0
343,151,6836,2595,28478,31315,38153,0,0
344,152,7053,2596,28472,31310,38365,0,0
345,153,6942,2600,28465,31309,38253,0,0
346,154,7220,2601,28467,31309,38531,0,0
347,155,7550,2600,28466,31309,38861,0,0
348,156,7763,2607,28466,31315,39079,0,0
349,157,8014,2603,28469,31315,39331,0,0
350,158,8365,2600,28472,31321,39688,0,0
351,159,8474,2596,28472,31310,39786,0,0
352,160,8474,2595,28472,31310,39786,0,0
353,161,8431,2606,28467,31315,39748,0,0
354,162,8228,2596,28476,31316,39545,0,0
355,163,8025,2602,28467,31315,39342,0,0
356,164,8062,2596,28471,31310,39374,0,0
357,165,7986,2602,28466,31309,39297,0,0
358,166,7755,2590,28473,31310,39067,0,0
359,167,7670,2595,28468,31309,38981,0,0
360,168,7519,2591,28477,31314,38834,0,0
361,169,7415,2602,28466,31309,38726,0,0
362,170,7262,2601,28467,31315,38579,0,0
363,171,7105,2602,28465,31309,38416,0,0
364,172,7077,2608,28466,31315,38394,0,0
365,173,6995,2594,28467,31309,38306,0,0
366,174,6872,2601,28466,31309,38183,0,0
367,175,6919,2603,28472,31315,38236,0,0
368,176,6970,2602,28466,31309,38281,0,0
369,177,6933,2594,28477,31315,38249,0,0
370,178,7042,2600,28467,31315,38359,0,0
371,179,6940,2601,28465,31309,38251,0,0
372,180,6924,2594,28468,31309,38235,0,0
373,181,6970,2600,28473,31316,38287,0,0
374,182,6923,2596,28471,31311,38236,0,0
375,183,6995,2601,28467,31310,38306,0,0
376,184,7106,2607,28466,31315,38423,0,0
377,185,7123,2598,28477,31313,38438,0,0
378,186,6937,2593,28477,31314,38253,0,0
379,187,6933,2600,28468,31315,38250,0,0
380,188,6917,2595,28475,31314,38232,0,0
381,189,6911,2597,28466,31310,38222,0,0
382,190,7068,2601,28475,31318,38388,0,0
383,191,7167,2594,28471,31309,38478,0,0
384,192,7160,2597,28471,31308,38470,0,0
385,193,7067,2601,28477,31320,38389,0,0
386,194,7271,2600,28469,31315,38587,0,0
387,195,7285,2601,28466,31309,38596,0,0
388,196,7303,2601,28467,31310,38615,0,0
389,197,7481,2601,28467,31315,38797,0,0
390,198,7466,2595,28477,31314,38782,0,0
391,199,7420,2602,28465,31309,38731,0,0
392,200,7489,2596,28466,31315,38806,0,0
393,201,7598,2602,28472,31315,38914,0,0
394,202,7683,2594,28467,31310,38995,0,0
395,203,7710,2594,28472,31315,39027,0,0
396,204,7764,2607,28465,31315,39081,0,0
397,205,7758,2595,28472,31309,39069,0,0
398,206,7803,2595,28468,31309,39114,0,0
399,207,7797,2607,28467,31315,39114,0,0
400,208,7877,2595,28477,31314,39193,0,0
401,209,7814,2595,28469,31311,39127,0,0
402,210,7836,2596,28472,31321,39159,0,0
403,211,7803,2594,28477,31315,39120,0,0
404,212,7798,2601,28467,31310,39110,0,0
405,213,7744,2600,28478,31320,39066,0,0
406,214,7715,2595,28474,31312,39028,0,0
407,215,7717,2595,28473,31316,39034,0,0
408,216,7708,2607,28466,31315,39025,0,0
409,217,7717,2597,28472,31308,39027,0,0
410,218,7408,2601,28477,31321,38731,0,0
411,219,7405,2595,28472,31309,38716,0,0
412,220,7425,2600,28466,31310,38736,0,0
413,221,7364,2606,28467,31315,38681,0,0
414,222,7339,2602,28466,31310,38651,0,0
415,223,7303,2594,28475,31313,38618,0,0
416,224,7251,2602,28472,31315,38568,0,0
417,225,7339,2600,28466,31310,38650,0,0
418,226,6709,2596,28475,31314,38025,0,0
419,227,7170,2595,28472,31310,38481,0,0
420,228,7370,2595,28471,31315,38687,0,0
421,229,7628,2598,28472,31310,38940,0,0
422,230,7942,2594,28478,31315,39259,0,0
423,231,8175,2597,28476,31313,39490,0,0
424,232,8306,2595,28477,31314,39622,0,0
425,233,8311,2600,28469,31315,39627,0,0
426,234,8395,2594,28473,31311,39707,0,0
427,235,8295,2595,28471,31315,39612,0,0
428,236,8152,2594,28477,31315,39469,0,0
429,237,8080,2596,28476,31314,39395,0,0
430,238,7894,2596,28476,31314,39210,0,0
431,239,7886,2601,28466,31309,39197,0,0
432,0,5431,2596,28471,31310,36743,0,0
433,1,5434,2596,28473,31309,36745,0,0
434,2,5474,2606,28466,31315,36791,0,0
435,3,5496,2595,28477,31314,36812,0,0
436,4,5493,2596,28467,31309,36804,0,0
437,5,5520,2595,28467,31316,36837,0,0
438,6,5600,2601,28471,31315,36917,0,0
439,7,5620,2596,28477,31315,36937,0,0
440,8,5658,2594,28473,31311,36971,0,0
441,9,5680,2600,28473,31315,36997,0,0
442,10,5713,2594,28467,31309,37024,0,0
443,11,5769,2595,28472,31309,37080,0,0
444,12,5797,2607,28465,31315,37114,0,0
445,13,5818,2588,28473,31310,37130,0,0
446,14,5909,2601,28466,31309,37220,0,0
447,15,5902,2597,28472,31310,37214,0,0
448,16,5980,2602,28468,31315,37297,0,0
449,17,5967,2595,28477,31314,37283,0,0
450,18,5944,2601,28466,31309,37255,0,0
451,19,6038,2606,28466,31315,37355,0,0
452,20,6035,2603,28465,31310,37347,0,0
453,21,6068,2597,28468,31310,37380,0,0
454,22,6141,2608,28466,31315,37458,0,0
455,23,6128,2595,28473,31310,37440,0,0
456,24,6206,2596,28472,31310,37518,0,0
457,25,6222,2598,28478,31315,37538,0,0
458,26,6263,2589,28473,31309,37574,0,0
459,27,6304,2595,28476,31314,37619,0,0
460,28,6272,2602,28466,31310,37584,0,0
461,29,6324,2601,28467,31315,37641,0,0
462,30,6369,2601,28465,31309,37680,0,0
463,31,6425,2594,28477,31315,37742,0,0
464,32,6418,2606,28465,31315,37735,0,0
465,33,6453,2596,28472,31309,37764,0,0
466,34,6509,2596,28465,31309,37820,0,0
467,35,6477,2608,28466,31315,37794,0,0
468,36,6561,2596,28473,31309,37872,0,0
469,37,6691,2601,28467,31309,38002,0,0
470,38,6923,2601,28465,31309,38234,0,0
471,39,7035,2601,28466,31309,38346,0,0
472,40,6936,2589,28474,31310,38248,0,0
473,41,6863,2596,28469,31310,38175,0,0
474,42,6507,2588,28475,31310,37819,0,0
475,43,6155,2607,28466,31315,37471,0,0
476,44,5935,2601,28466,31309,37246,0,0
477,45,5963,2601,28467,31309,37274,0,0
478,46,6019,2600,28476,31321,37342,0,0
479,47,6218,2595,28472,31310,37529,0,0
480,48,6167,2600,28467,31309,37478,0,0
481,49,6247,2595,28470,31310,37558,0,0
482,50,6514,2606,28466,31315,37831,0,0
483,51,6361,2602,28466,31309,37672,0,0
484,52,6637,2595,28468,31310,37948,0,0
485,53,6647,2600,28466,31309,37958,0,0
486,54,6801,2600,28475,31320,38123,0,0
487,55,7185,2606,28467,31315,38502,0,0
488,56,7223,2594,28471,31309,38534,0,0
489,57,7169,2600,28467,31310,38480,0,0
490,58,7286,2600,28466,31309,38597,0,0
491,59,7188,2597,28471,31315,38505,0,0
492,60,6806,2601,28476,31320,38127,0,0
493,61,6913,2595,28472,31310,38224,0,0
494,62,6851,2601,28466,31309,38162,0,0
495,63,6935,2597,28471,31310,38247,0,0
496,64,6767,2595,28477,31314,38082,0,0
497,65,6833,2602,28466,31309,38144,0,0
498,66,7211,2595,28466,31310,38522,0,0
499,67,7389,2601,28466,31310,38700,0,0
500,68,7702,2596,28472,31309,39013,0,0
501,69,7413,2595,28466,31309,38724,0,0
502,70,7012,2600,28466,31315,38328,0,0
503,71,7062,2602,28466,31309,38373,0,0
504,72,7161,2601,28466,31309,38472,0,0
505,73,7341,2596,28467,31310,38652,0,0
506,74,7531,2606,28466,31315,38848,0,0
507,75,7776,2606,28466,31315,39093,0,0
508,76,8050,2600,28475,31318,39370,0,0
509,77,8414,2608,28466,31315,39731,0,0
510,78,7675,2601,28473,31315,38992,0,0
511,79,7573,2596,28477,31313,38888,0,0
512,80,7343,2601,28471,31315,38660,0,0
513,81,7486,2595,28472,31309,38797,0,0
514,82,7687,2594,28473,31311,38999,0,0
515,83,7844,2601,28466,31309,39155,0,0
516,84,7971,2601,28466,31309,39282,0,0
517,85,7902,2596,28472,31310,39214,0,0
518,86,7992,2594,28468,31309,39303,0,0
519,87,7911,2596,28467,31316,39229,0,0
520,88,7765,2596,28469,31311,39078,0,0
521,89,7113,2596,28475,31314,38429,0,0
522,90,7752,2606,28467,31315,39068,0,0
523,91,7671,2597,28478,31315,38988,0,0
524,92,7845,2601,28467,31309,39156,0,0
525,93,8054,2596,28472,31310,39366,0,0
526,94,8349,2594,28468,31309,39660,0,0
527,95,8803,2596,28477,31315,40120,0,0
528,96,8943,2595,28474,31312,40256,0,0
529,97,9029,2602,28466,31315,40345,0,0
530,98,8067,2601,28466,31309,39378,0,0
531,99,7485,2596,28472,31309,38796,0,0
532,100,7480,2597,28478,31314,38796,0,0
533,101,7699,2595,28470,31316,39016,0,0
534,102,7699,2600,28467,31315,39015,0,0
535,103,7919,2596,28472,31309,39230,0,0
536,104,8182,2595,28472,31310,39493,0,0
537,105,8789,2606,28465,31315,40106,0,0
538,106,8889,2595,28478,31315,40206,0,0
539,107,8866,2601,28465,31309,40177,0,0
540,108,8432,2596,28467,31310,39744,0,0
541,109,8360,2594,28468,31309,39671,0,0
542,110,7426,2607,28465,31315,38743,0,0
543,111,7362,2596,28476,31314,38678,0,0
544,112,7415,2602,28465,31309,38726,0,0
545,113,7416,2600,28472,31316,38733,0,0
546,114,7117,2600,28467,31309,38428,0,0
547,115,7270,2594,28477,31321,38593,0,0
548,116,7352,2601,28473,31315,38669,0,0
549,117,7370,2595,28474,31312,38684,0,0
550,118,7412,2600,28466,31309,38723,0,0
551,119,7373,2600,28472,31315,38689,0,0
552,120,7260,2595,28477,31314,38575,0,0
553,121,7437,2602,28466,31310,38748,0,0
554,122,7645,2602,28467,31309,38956,0,0
555,123,7780,2607,28467,31315,39097,0,0
556,124,7874,2595,28472,31310,39185,0,0
557,125,7974,2601,28466,31309,39285,0,0
558,126,7826,2600,28468,31315,39143,0,0
559,127,7807,2596,28475,31314,39123,0,0
560,128,7773,2601,28467,31309,39084,0,0
561,129,7812,2607,28466,31315,39128,0,0
562,130,7352,2600,28466,31309,38663,0,0
563,131,7088,2601,28466,31309,38399,0,0
564,132,7085,2596,28467,31310,38397,0,0
565,133,6992,2589,28475,31311,38304,0,0
566,134,6755,2600,28467,31310,38066,0,0
567,135,6349,2596,28468,31310,37661,0,0
568,136,5854,2596,28472,31309,37165,0,0
569,137,5442,2606,28465,31315,36759,0,0
570,138,4307,2600,28466,31309,35618,0,0
571,139,4168,2601,28466,31315,35485,0,0
572,140,3983,2602,28466,31310,35295,0,0
573,141,4293,2595,28472,31309,35604,0,0
574,142,4906,2589,28475,31311,36219,0,0
575,143,5003,2600,28467,31309,36314,0,0
576,144,5159,2594,28467,31309,36470,0,0
577,145,5698,2596,28467,31309,37009,0,0
578,146,5957,2595,28473,31311,37270,0,0
579,147,6069,2596,28478,31315,37386,0,0
580,148,6150,2607,28467,31315,37467,0,0
581,149,6429,2603,28475,31320,37750,0,0
582,150,6818,2606,28466,31315,38135,0,0
583,151,6836,2595,28474,31311,38149,0,0
584,152,7054,2595,28476,31314,38369,0,0
585,153,6936,2606,28466,31315,38253,0,0
586,154,7214,2601,28472,31315,38531,0,0
587,155,7543,2600,28474,31318,38863,0,0
588,156,7762,2603,28476,31320,39083,0,0
589,157,8013,2589,28474,31310,39325,0,0
590,158,8365,2601,28472,31315,39681,0,0
591,159,8474,2594,28466,31309,39785,0,0
592,160,8474,2601,28467,31310,39786,0,0
593,161,8431,2601,28474,31320,39752,0,0
594,162,8228,2600,28467,31309,39539,0,0
595,163,8026,2591,28467,31310,39337,0,0
596,164,8062,2596,28474,31314,39378,0,0
597,165,7987,2598,28476,31314,39302,0,0
598,166,7755,2600,28467,31309,39066,0,0
599,167,7670,2595,28473,31310,38982,0,0
600,168,7518,2595,28473,31310,38830,0,0
601,169,7416,2594,28479,31315,38733,0,0
602,170,7261,2594,28473,31315,38578,0,0
603,171,7104,2596,28471,31310,38416,0,0
604,172,7077,2601,28473,31315,38394,0,0
605,173,6996,2601,28465,31309,38307,0,0
606,174,6865,2600,28468,31316,38182,0,0
607,175,6917,2590,28473,31310,38229,0,0
608,176,6970,2596,28476,31314,38286,0,0
609,177,6928,2607,28466,31315,38244,0,0
610,178,7042,2601,28471,31315,38359,0,0
611,179,6940,2594,28468,31310,38252,0,0
612,180,6918,2608,28466,31315,38235,0,0
613,181,6970,2594,28471,31309,38281,0,0
614,182,6924,2600,28465,31310,38235,0,0
615,183,6994,2596,28477,31315,38311,0,0
616,184,7107,2600,28471,31320,38429,0,0
617,185,7122,2601,28466,31309,38433,0,0
618,186,6932,2606,28466,31315,38249,0,0
619,187,6933,2589,28471,31309,38244,0,0
620,188,6917,2600,28467,31309,38228,0,0
621,189,6906,2602,28472,31316,38224,0,0
622,190,7068,2601,28471,31315,38385,0,0
623,191,7165,2597,28467,31310,38477,0,0
624,192,7160,2600,28466,31309,38471,0,0
625,193,7066,2601,28472,31315,38383,0,0
626,194,7271,2589,28471,31309,38582,0,0
627,195,7285,2596,28467,31310,38597,0,0
628,196,7297,2607,28466,31315,38614,0,0
629,197,7480,2608,28465,31315,38797,0,0
630,198,7466,2603,28466,31310,38778,0,0
631,199,7419,2596,28468,31309,38730,0,0
632,200,7489,2606,28465,31315,38806,0,0
633,201,7598,2592,28473,31309,38909,0,0
634,202,7683,2602,28466,31310,38994,0,0
635,203,7710,2601,28466,31309,39021,0,0
636,204,7763,2601,28467,31315,39080,0,0
637,205,7758,2595,28477,31314,39074,0,0
638,206,7802,2601,28465,31309,39113,0,0
639,207,7803,2600,28478,31319,39124,0,0
640,208,7877,2595,28470,31309,39188,0,0
641,209,7814,2601,28466,31309,39125,0,0
642,210,7841,2606,28466,31316,39158,0,0
643,211,7802,2601,28465,31309,39113,0,0
644,212,7799,2595,28473,31309,39110,0,0
645,213,7750,2602,28472,31315,39067,0,0
646,214,7715,2600,28466,31310,39026,0,0
647,215,7718,2601,28466,31309,39029,0,0
648,216,7714,2589,28474,31311,39026,0,0
649,217,7716,2602,28466,31309,39027,0,0
650,218,7408,2602,28472,31315,38725,0,0
651,219,7410,2595,28469,31310,38721,0,0
652,220,7425,2601,28467,31309,38736,0,0
653,221,7365,2595,28472,31309,38676,0,0
654,222,7345,2594,28473,31309,38656,0,0
655,223,7297,2606,28467,31315,38614,0,0
656,224,7252,2595,28471,31309,38563,0,0
657,225,7345,2594,28472,31309,38656,0,0
658,226,6710,2600,28467,31310,38021,0,0
659,227,7169,2602,28466,31310,38481,0,0
660,228,7376,2603,28466,31310,38688,0,0
661,229,7628,2601,28466,31309,38939,0,0
662,230,7943,2602,28466,31309,39254,0,0
663,231,8179,2600,28467,31309,39490,0,0
664,232,8300,2608,28465,31315,39617,0,0
665,233,8311,2594,28476,31314,39627,0,0
666,234,8401,2601,28466,31309,39712,0,0
667,235,8290,2606,28467,31315,39607,0,0
668,236,8152,2602,28466,31309,39463,0,0
669,237,8085,2600,28466,31309,39396,0,0
670,238,7895,2594,28473,31310,39207,0,0
671,239,7885,2595,28466,31309,39196,0,0
672,0,5437,2594,28473,31315,36754,0,0
673,1,5434,2600,28467,31310,36745,0,0
674,2,5474,2601,28468,31315,36790,0,0
675,3,5502,2601,28467,31310,36814,0,0
676,4,5491,2596,28473,31311,36803,0,0
677,5,5519,2607,28467,31315,36836,0,0
678,6,5606,2595,28473,31310,36917,0,0
679,7,5619,2601,28466,31310,36931,0,0
680,8,5652,2606,28466,31315,36969,0,0
681,9,5685,2595,28472,31309,36996,0,0
682,10,5713,2601,28466,31309,37024,0,0
683,11,5768,2602,28466,31310,37080,0,0
684,12,5802,2603,28467,31315,37119,0,0
685,13,5818,2601,28466,31309,37129,0,0
686,14,5909,2595,28477,31315,37226,0,0
687,15,5902,2606,28467,31316,37219,0,0
688,16,5979,2591,28472,31309,37290,0,0
689,17,5967,2602,28466,31310,37279,0,0
690,18,5944,2602,28471,31315,37261,0,0
691,19,6038,2596,28472,31309,37349,0,0
692,20,6035,2596,28472,31311,37348,0,0
693,21,6073,2603,28466,31310,37385,0,0
694,22,6140,2601,28467,31315,37457,0,0
695,23,6129,2594,28477,31314,37445,0,0
696,24,6212,2600,28465,31309,37523,0,0
697,25,6217,2608,28466,31315,37534,0,0
698,26,6263,2595,28473,31309,37574,0,0
699,27,6309,2602,28467,31310,37621,0,0
700,28,6266,2602,28471,31321,37589,0,0
701,29,6323,2588,28474,31310,37635,0,0
702,30,6375,2595,28473,31310,37687,0,0
703,31,6424,2603,28466,31310,37736,0,0
704,32,6417,2590,28475,31312,37730,0,0
705,33,6458,2595,28472,31315,37775,0,0
706,34,6509,2597,28471,31309,37820,0,0
707,35,6477,2602,28472,31315,37794,0,0
708,36,6566,2595,28476,31315,37883,0,0
709,37,6691,2596,28472,31315,38008,0,0
710,38,6924,2595,28479,31315,38241,0,0
711,39,7034,2595,28467,31315,38351,0,0
712,40,6936,2595,28473,31310,38248,0,0
713,41,6863,2602,28466,31309,38174,0,0
714,42,6513,2601,28465,31309,37824,0,0
715,43,6155,2603,28467,31315,37472,0,0
716,44,5935,2595,28477,31315,37251,0,0
717,45,5962,2600,28474,31318,37282,0,0
718,46,6019,2595,28474,31314,37335,0,0
719,47,6218,2595,28467,31310,37529,0,0
