sequence,source_frame,read_us,inflate_us,scale_us,draw_us,present_us,work_us,deadline_missed
0,49,13517,6983,7627,9049,33226,63500,1
1,50,14575,7252,7627,9049,33223,64838,1
2,51,14858,7109,7623,9050,33226,64985,1
3,52,14802,7374,7628,9053,33348,65353,1
4,53,15419,7383,7626,9037,33214,65796,1
5,54,16275,7538,7629,9044,33220,66833,1
6,55,16919,7892,7627,9041,33224,67828,1
7,56,17171,7937,7627,9041,33221,68122,1
8,57,16985,7888,7664,9112,33250,68003,1
9,58,18409,8002,7627,9050,33231,69501,1
10,59,17875,7907,7632,10434,33239,70198,1
11,60,16569,7550,7630,10400,33509,69333,1
12,61,16593,7669,7629,9054,33237,67302,1
13,62,16921,7586,7628,9053,33223,67530,1
14,63,17269,7977,7637,9045,33252,68518,1
15,64,16723,7512,7630,9061,33219,67254,1
16,65,17127,7570,7626,9043,33232,68037,1
17,66,19560,7930,7626,9056,33597,70911,1
18,67,19999,8092,7623,9041,33230,71104,1
19,68,20675,8635,7636,9081,33253,72496,1
20,69,18676,8101,7630,9097,33224,69861,1
21,70,17761,7749,7627,9051,33238,68624,1
22,71,18003,7786,7628,9051,34022,69611,1
23,72,17652,7867,7630,9049,33226,68543,1
24,73,20902,8008,8211,9742,33249,72672,1
25,74,22183,8203,7631,9056,33221,73412,1
26,75,23210,8426,7627,9037,33230,74724,1
27,76,24775,8696,7627,9056,33645,77124,1
28,77,25751,9031,7631,9058,33221,77830,1
29,78,22065,8322,7628,9052,33236,73513,1
30,79,21895,8216,7628,9051,33786,73707,1
31,80,20816,8014,7626,9034,33220,71837,1
32,81,20957,8358,7632,9063,33230,72434,1
33,82,22258,8346,7629,9077,33222,73649,1
34,83,23269,8467,7629,9066,33219,74774,1
35,84,22739,8589,7629,9054,33231,74374,1
36,85,24021,8545,7628,9055,33209,75586,1
37,86,24923,8617,7629,9078,33234,76718,1
38,87,23344,8565,7623,9051,33223,74938,1
39,88,23160,8415,7627,9058,33216,74605,1
40,89,18989,7810,7628,10810,33222,72114,1
41,90,22267,8421,7624,11825,33463,78947,1
42,91,21940,8347,7627,9056,33229,73339,1
43,92,22465,8475,7629,9044,33222,73972,1
44,93,23649,8687,7622,9110,33238,75501,1
45,94,25051,8970,7623,9112,33234,77123,1
46,95,25089,9425,8795,10396,33259,78968,1
47,96,26204,9569,7629,9066,33459,79090,1
48,97,26711,9630,7631,9064,33257,79442,1
49,98,22893,8712,8203,9799,33246,75416,1
50,99,20752,8175,7632,9145,33234,72092,1
51,100,21509,8143,7627,9037,33229,72735,1
52,101,22658,8363,7626,9062,33669,74526,1
53,102,22070,8366,7623,9042,33225,73458,1
54,103,24316,8583,7629,9073,33234,76057,1
55,104,24823,8810,7628,10063,33801,78900,1
56,105,25464,9418,7628,9055,33228,77914,1
57,106,25510,9638,7639,9062,33254,78322,1
58,107,24667,9455,7633,9074,33658,77630,1
59,108,25632,9051,7628,9048,33216,77725,1
60,109,24592,9241,7636,9049,33250,76984,1
61,110,19394,8090,7631,9104,33250,70585,1
62,111,18663,8051,7623,9125,33240,69906,1
63,112,19169,8110,7627,9052,33438,70532,1
64,113,19087,8113,7630,9045,33226,70216,1
65,114,17827,7846,7626,9050,33217,68698,1
66,115,18774,7993,7627,9114,33246,69931,1
67,116,18489,8068,7626,9036,33226,69570,1
68,117,18890,8090,7622,9047,33436,70227,1
69,118,19217,8113,7623,9045,33227,70361,1
70,119,18417,8078,7628,9071,33226,69550,1
71,120,18412,7963,7626,9064,33236,69438,1
72,121,20920,8120,7626,9046,33232,72066,1
73,122,22076,8330,7627,9061,33450,73690,1
74,123,22107,8459,7626,9048,33227,73591,1
75,124,22389,8548,7661,9144,33225,74066,1
76,125,22358,8646,7624,9047,33229,74040,1
77,126,22824,8519,7626,9046,33224,74381,1
78,127,22123,8480,8832,10363,33247,74979,1
79,128,21913,8446,7630,9068,33223,73398,1
80,129,22436,8469,7628,9048,33230,74011,1
81,130,20220,8027,7627,9068,33599,71672,1
82,131,18551,7779,7628,9054,33226,69352,1
83,132,19240,8324,7660,9308,33255,70978,1
84,133,18136,7687,7628,9213,33249,69099,1
85,134,19106,7444,7628,9044,33236,69653,1
86,135,15774,7054,7622,9064,33613,66256,1
87,136,14742,6602,7630,9051,33228,64356,1
88,137,12232,6230,7623,9130,33604,62015,1
89,138,7878,5203,7688,9151,33432,56418,1
90,139,6843,5072,7626,9062,33775,55500,1
91,140,7213,4904,7630,9055,33226,55130,1
92,141,7979,5198,7625,9115,33662,56761,1
93,142,9492,5772,7665,9104,33233,58342,1
94,143,9822,5854,7629,9049,33576,59061,1
95,144,10737,6002,7628,9054,33224,59747,1
96,145,12049,6484,7630,9119,33605,62020,1
97,146,13188,6732,7629,9135,33236,63063,1
98,147,13524,6829,7629,9057,33497,63663,1
99,148,13450,6919,7626,9047,33224,63373,1
100,149,14919,7175,7620,9043,33226,65293,1
101,150,15885,7542,7627,9123,33241,66593,1
102,151,16517,7546,7627,9052,33224,67089,1
103,152,16629,7754,7626,9055,33364,67572,1
104,153,16540,7661,7627,9049,33215,67211,1
105,154,17050,7896,7627,9134,33238,68131,1
106,155,20350,8192,7626,9058,33239,71587,1
107,156,20507,8410,7629,9061,33214,71941,1
108,157,20863,8659,7628,9063,33347,72723,1
109,158,21936,8986,7628,9137,33215,74029,1
110,159,22041,9090,7628,9133,33236,74283,1
111,160,21656,9085,7627,9051,33218,73764,1
112,161,22437,9043,7622,9050,33220,74503,1
113,162,21291,8835,7626,9095,33920,73972,1
114,163,20561,8657,7626,9211,33238,72485,1
115,164,20795,8850,7636,9109,33270,72900,1
116,165,20284,8597,7630,9071,33390,72130,1
117,166,19030,8357,7624,9066,33210,70419,1
118,167,19185,8288,7628,9074,33781,71109,1
119,168,19666,8144,7624,9041,33216,70823,1
120,169,18344,8186,7637,9081,33251,69706,1
121,170,17595,7890,7633,9126,33220,68616,1
122,171,18037,7748,7621,9085,33228,69142,1
123,172,17059,7701,7629,9092,33955,68586,1
124,173,16762,7635,7627,9070,33221,67458,1
125,174,16465,7520,8184,9789,33254,67848,1
126,175,17074,7566,7630,9096,33224,67716,1
127,176,17449,7624,7630,9052,33264,68215,1
128,177,17475,7581,7625,9066,33537,68424,1
129,178,17023,7673,7626,9051,33215,67710,1
130,179,17098,7594,7629,9061,33593,68102,1
131,180,16692,7585,7628,9056,33226,67297,1
132,181,17400,7636,7845,9550,33313,68802,1
133,182,17007,7590,7624,9060,33217,67629,1
134,183,18498,7656,7626,9061,33236,69198,1
135,184,19433,7770,7622,9054,33213,70234,1
136,185,18417,7791,7622,9053,33241,69252,1
137,186,17989,7611,7927,9476,33239,69076,1
138,187,18807,7609,7632,9066,33221,69445,1
139,188,17702,7596,7631,9060,33230,68328,1
140,189,17411,7592,7630,9064,33210,68031,1
141,190,19139,7715,7630,9054,33271,69928,1
142,191,18574,7808,7626,9059,33433,69629,1
143,192,19367,7800,7626,9062,33223,70212,1
144,193,18265,7716,7629,9061,33224,69023,1
145,194,19699,7928,7622,9041,33229,70652,1
146,195,19302,7937,7629,9052,33257,70309,1
147,196,18291,7952,7629,9065,34361,70438,1
148,197,20224,8136,7629,9055,33221,71395,1
149,198,20094,8198,7632,9378,33247,71845,1
150,199,19592,8069,7630,9382,33547,71499,1
151,200,19008,8151,7626,9060,33214,70183,1
152,201,20035,8248,7623,9057,33545,71656,1
153,202,20061,8326,7627,9057,33220,71404,1
154,203,20290,8362,7625,9050,33229,71759,1
155,204,20667,8426,7624,9074,33495,72442,1
156,205,20056,8403,7627,9060,33214,71485,1
157,206,19777,8453,7627,9061,34018,72069,1
158,207,20268,8447,7624,9053,33226,71742,1
159,208,20422,8513,7626,9049,33241,72059,1
160,209,19449,8461,7687,9168,33657,71493,1
161,210,20960,8503,7631,9068,33222,72513,1
162,211,20871,8460,8207,9754,33246,73092,1
163,212,20355,8450,7628,9075,33222,71850,1
164,213,20900,8404,7630,9057,33237,72420,1
165,214,19958,8384,7628,9079,33489,71673,1
166,215,19338,8374,7623,9058,33228,70747,1
167,216,19532,8370,7630,9059,33223,70939,1
168,217,20245,8368,7628,9047,33228,71641,1
169,218,18766,8081,7626,9058,33227,69888,1
170,219,18050,8098,7627,9052,33461,69424,1
171,220,18667,8115,7622,9053,33225,69809,1
172,221,17632,8054,7623,9061,33221,68722,1
173,222,18048,8032,7627,9048,33217,69098,1
174,223,17346,8003,7633,9073,33221,68407,1
175,224,18532,7953,7628,9054,33428,69738,1
176,225,17942,8042,7625,9050,33233,69018,1
177,226,16127,7393,7630,9057,33220,66548,1
178,227,17190,7836,7628,9053,33225,68055,1
179,228,18674,8011,7628,9056,33231,69723,1
180,229,19337,8257,7625,9058,33804,71253,1
181,230,20559,8553,7624,9062,33214,72140,1
182,231,22848,8789,7630,9777,33324,75550,1
183,232,22503,8877,7627,9066,33219,74417,1
184,233,22926,8898,7629,9054,33232,75659,1
185,234,23232,8989,7628,9074,33582,75642,1
186,235,22715,8895,7628,9064,33227,74650,1
187,236,22569,8758,7624,9054,33262,74487,1
188,237,21464,8683,7626,9063,33677,73659,1
189,238,20243,8514,7621,9058,33222,71797,1
190,239,19202,8500,8114,9819,33367,71652,1
191,0,11168,6217,7625,9044,33505,61306,1
192,1,12245,6227,8135,9656,33247,62130,1
193,2,11166,6271,7634,9059,33218,60451,1
194,3,12170,6494,7637,9034,33284,61806,1
195,4,12068,6277,7623,9055,33209,61344,1
196,5,11472,6324,7632,9042,33230,60885,1
197,6,12386,6390,7628,9049,33238,61799,1
198,7,12832,6393,7625,9028,33232,62298,1
199,8,11318,6418,7627,9059,33231,60947,1
200,9,12518,6446,7627,9043,33220,61975,1
201,10,12523,6482,7625,9039,33238,62017,1
202,11,12330,6523,7631,9037,33216,61850,1
203,12,13374,6552,7632,9054,33210,62937,1
204,13,13158,6569,7631,9046,33235,62755,1
205,14,13376,6648,7630,9035,33440,63249,1
206,15,13159,6652,7629,9037,33228,62815,1
207,16,13389,6722,7627,9033,33236,63127,1
208,17,13398,6713,7629,9033,33228,63116,1
209,18,13505,6678,7628,9028,33249,63199,1
210,19,13420,6767,7667,9103,33225,63262,1
211,20,14498,6758,7628,9038,33233,64324,1
212,21,13439,6795,7630,9045,33247,63277,1
213,22,14233,6854,7627,9048,33219,64095,1
214,23,14343,6846,7626,9034,33249,64213,1
215,24,15360,6916,7627,9037,33220,65279,1
216,25,14476,6918,7628,9040,33911,65102,1
217,26,15177,6970,7628,9037,33228,65155,1
218,27,14989,6995,8184,9850,33358,65954,1
219,28,15284,6967,7622,9040,33215,65245,1
220,29,14588,7165,7639,9040,33250,64880,1
221,30,15389,7059,7630,9055,33212,65448,1
222,31,15276,7110,7622,9031,33231,65464,1
223,32,16120,7096,7626,9053,33786,66802,1
224,33,15807,7140,7626,9035,33215,65948,1
225,34,15135,7192,7626,9038,33585,65707,1
226,35,15629,7176,7630,9041,33227,65805,1
227,36,16157,7258,8201,9732,33247,67154,1
228,37,15475,7373,7631,9051,33222,65860,1
229,38,17316,7596,7629,9038,33232,68009,1
230,39,17254,7708,7629,9053,33463,68251,1
231,40,18137,7642,7629,9045,33210,68789,1
232,41,17412,7544,7629,9041,33613,68369,1
233,42,15596,7216,7627,9040,33222,65842,1
234,43,13279,6914,8184,9752,33249,63941,1
235,44,12860,6693,7629,9053,33219,62558,1
236,45,12962,6883,7632,9051,33252,62954,1
237,46,13052,6779,7629,9055,33216,62834,1
238,47,14313,6970,7632,9050,33237,64307,1
239,48,13219,6906,7629,9048,33211,63117,1
240,49,13518,6983,7631,9043,33273,63562,1
241,50,14580,7250,7631,9058,33421,65056,1
242,51,14849,7116,7626,9032,33230,64972,1
243,52,14804,7374,7627,9033,33219,65181,1
244,53,15426,7383,7623,9031,33233,65820,1
245,54,16276,7531,7627,9039,33226,66816,1
246,55,16909,7888,7658,11671,33212,72636,1
247,56,17150,7938,7625,14628,33250,78416,1
248,57,16966,7888,7627,9058,33210,67871,1
249,58,18187,7997,7627,9049,33214,69196,1
250,59,17876,7907,7629,9046,33226,68802,1
251,60,16559,7550,7625,9049,33222,67128,1
252,61,17581,7666,7625,9044,33239,68349,1
253,62,16911,7586,7627,9053,33635,67947,1
254,63,17032,7664,7628,9044,33223,67706,1
255,64,16722,7511,7629,9047,33573,67627,1
256,65,16857,7569,7629,9049,33229,67451,1
257,66,19976,7929,7630,9049,33232,71024,1
258,67,20000,8082,7629,9058,33580,71497,1
259,68,20684,8383,7627,9045,33215,72082,1
260,69,18690,8102,7627,9058,33535,70149,1
261,70,17287,7754,7629,9045,33243,68097,1
262,71,18006,7926,7637,9044,33255,69080,1
263,72,17643,7871,7631,9062,33217,68609,1
264,73,20924,8006,7623,9050,33244,72002,1
265,74,22182,8207,7624,9059,33566,73782,1
266,75,22770,8434,7631,9047,33227,74234,1
267,76,25261,8694,7625,9044,33231,77266,1
268,77,25740,9025,7624,9058,33676,78262,1
269,78,21597,8325,7627,9045,33230,72951,1
270,79,21897,8263,7633,9057,33230,73274,1
271,80,20807,8012,7630,9057,33221,71840,1
272,81,20963,8131,7630,9061,33219,72111,1
273,82,22254,8345,7630,9060,33217,73631,1
274,83,23277,8468,7625,9050,33216,74769,1
275,84,22974,8596,7625,9043,33230,74667,1
276,85,24009,8544,7628,9056,33241,75618,1
277,86,24727,8617,7626,9062,33223,76390,1
278,87,23358,8561,7628,9045,33240,74961,1
279,88,23172,8415,7629,9062,33432,74853,1
280,89,18971,7817,7627,9045,33230,69823,1
281,90,22239,8425,7627,9042,33225,73698,1
282,91,21943,8348,7627,9046,33228,73320,1
283,92,22464,8474,7627,9045,33234,73977,1
284,93,23653,8686,7623,9044,34046,76195,1
285,94,25060,8974,7623,9040,33231,77059,1
286,95,25577,9427,7624,9040,33233,78124,1
287,96,26194,9569,7625,9059,33766,79358,1
288,97,26740,9627,7629,9053,33225,79431,1
289,98,23344,8710,7628,9042,33235,75170,1
290,99,20761,8178,7628,9061,33638,72397,1
291,100,21050,8153,7629,9050,33225,72224,1
292,101,22658,8916,7664,9091,33259,74772,1
293,102,22060,8358,7630,9061,33220,73458,1
294,103,24055,8568,7626,9079,33225,75716,1
295,104,24827,8814,7698,9850,33291,77553,1
296,105,25469,9416,7626,9057,33221,77921,1
297,106,25977,9480,7632,9051,33233,78613,1
298,107,24684,9456,7627,9063,33620,77587,1
299,108,25617,9056,7628,9056,33225,77713,1
300,109,25044,8982,7628,9044,33230,77135,1
301,110,19422,8085,7627,9058,33473,70821,1
302,111,18573,8050,7625,9041,33232,69648,1
303,112,19176,8104,7625,9055,33225,70307,1
304,113,19088,8108,7624,9041,33232,70228,1
305,114,17832,7847,7627,9039,33230,68702,1
306,115,18773,7990,7627,9049,33481,70057,1
307,116,18488,8073,7626,9045,33236,69598,1
308,117,18885,8096,7627,9036,33227,70011,1
309,118,19217,8104,7627,9041,33228,70345,1
310,119,18429,8077,7621,9039,33234,69527,1
311,120,18426,7962,7621,9054,33447,69666,1
312,121,20915,8134,7625,9044,33232,72080,1
313,122,22074,8332,7622,9042,33225,73439,1
314,123,22106,8470,7626,9042,33234,73621,1
315,124,22394,8545,7622,9047,33217,73961,1
316,125,22344,8646,7627,9054,33855,74666,1
317,126,22825,8527,7629,9055,33220,74369,1
318,127,22584,8480,7622,9040,33240,74173,1
319,128,21921,8450,7625,9058,33692,73879,1
320,129,21990,8471,7625,9053,33225,73491,1
321,130,20207,8507,7724,9193,33235,72087,1
322,131,18541,7784,7628,9054,33217,69344,1
323,132,19682,7789,7627,9046,33235,70582,1
324,133,18139,7684,7630,9069,33692,69341,1
325,134,18666,7443,7626,9046,33234,69153,1
326,135,15778,7051,7629,9743,33449,66798,1
327,136,14735,6602,7851,9374,33255,64714,1
328,137,12236,6882,7661,9146,33295,62445,1
329,138,7887,5198,7631,9065,33205,56095,1
330,139,6837,5075,8204,9742,33270,55678,1
331,140,7215,4901,7622,9071,33223,55149,1
332,141,7981,5194,7628,9054,33696,56677,1
333,142,9496,5768,7623,9056,33222,58280,1
334,143,9822,5853,7624,9051,33602,59086,1
335,144,10732,6003,7624,9053,33230,59762,1
336,145,12050,6490,7918,9453,33230,61969,1
337,146,13199,6729,7628,9061,33227,62956,1
338,147,13520,6833,7632,9070,33222,63371,1
339,148,13449,6915,7627,9061,33217,63392,1
340,149,14925,7174,7627,9056,33221,65322,1
341,150,15879,7546,7626,9059,33344,66607,1
342,151,16512,7552,7628,9052,33216,67084,1
343,152,16626,7755,7630,9056,33217,67402,1
344,153,16547,7658,7630,9054,33264,67281,1
345,154,16977,7900,7630,9060,33212,67899,1
346,155,20355,8214,7627,9063,33215,71603,1
347,156,20705,8404,7622,9053,33232,72213,1
348,157,20851,8659,7631,9069,33240,72568,1
349,158,21935,8979,7625,9063,33221,73960,1
350,159,22037,9090,7628,9055,33238,74173,1
351,160,21644,9086,7623,9060,33960,74526,1
352,161,22435,9045,7627,9051,33226,74512,1
353,162,21298,8831,8203,9747,33249,73896,1
354,163,20546,8653,7632,9070,33223,72242,1
355,164,21258,8665,7629,9052,33233,73035,1
356,165,20280,8604,7627,9069,33669,72380,1
357,166,19025,8356,7628,9058,33224,70421,1
358,167,19221,8612,7635,9058,33254,71003,1
359,168,19665,8146,7631,9074,33219,70848,1
360,169,18790,8024,7629,9050,33229,69916,1
361,170,17589,7893,7626,9060,33712,69014,1
362,171,17978,7753,7628,9052,33223,68761,1
363,172,17057,7706,8203,9741,33249,68520,1
364,173,16764,7639,7629,9072,33224,67446,1
365,174,16817,7530,7630,9055,33276,67502,1
366,175,17073,7571,7626,9074,33460,67950,1
367,176,16979,7624,7629,9059,33216,67629,1
368,177,17469,7584,7631,9068,33673,68557,1
369,178,17023,7683,7628,9058,33229,67743,1
370,179,17092,7592,7849,9388,33228,68056,1
371,180,16703,7579,7631,9070,33224,67324,1
372,181,17430,7632,7632,9079,33220,68121,1
373,182,17002,7592,7630,9071,33219,67629,1
374,183,18501,7656,7630,9065,33214,69181,1
375,184,19428,7781,7629,9074,33435,70470,1
376,185,18405,7796,7628,9058,33231,69243,1
377,186,17989,7613,7625,9050,33218,68632,1
378,187,18810,7605,7627,9044,33228,69438,1
379,188,17701,7594,7628,9061,33249,68364,1
380,189,17416,7591,7626,9052,33634,68459,1
381,190,19134,7712,7624,9049,33221,69875,1
382,191,18559,7810,7624,9053,33225,69407,1
383,192,19370,7793,7629,9053,33229,70201,1
384,193,18266,7718,7628,9059,33228,69019,1
385,194,19699,7930,7627,9067,33925,71393,1
386,195,19298,7957,7629,9068,33222,70318,1
387,196,18278,8596,7662,9121,33254,70171,1
388,197,20218,8130,7631,9074,33215,71387,1
389,198,20472,8124,7628,9050,33235,71718,1
390,199,19596,8066,7623,9069,33617,71103,1
391,200,19010,8156,7623,9066,33225,70205,1
392,201,20042,8500,7637,9061,33264,71712,1
393,202,20068,8318,7629,9078,33217,71431,1
394,203,19913,8363,7629,9068,33216,71614,1
395,204,20660,8427,7628,9073,33782,72714,1
396,205,20054,8405,7621,9055,33223,71497,1
397,206,19798,8564,7638,9060,33255,71637,1
398,207,20270,8444,7630,9082,33524,72096,1
399,208,19989,8523,7625,9060,33216,71557,1
400,209,19436,8460,7630,9077,33631,71466,1
401,210,20953,8496,7629,9065,33225,72485,1
402,211,21340,8462,7627,9062,33237,72933,1
403,212,20351,8456,7627,9076,33495,72134,1
404,213,20443,8406,7622,9054,33235,71899,1
405,214,19949,8383,7628,9059,33228,71380,1
406,215,19356,8376,7627,9048,33232,70767,1
407,216,19529,8368,7625,9054,33231,70938,1
408,217,20243,8366,7622,9056,33479,71906,1
409,218,18762,8089,7627,9060,33231,69896,1
410,219,18051,8103,7629,9062,33222,69200,1
411,220,18665,8117,7626,9049,33227,69814,1
412,221,17628,8051,7626,9057,33229,68718,1
413,222,18057,8030,7626,9066,33522,69451,1
414,223,17332,8001,7630,9059,33230,68369,1
415,224,18521,7949,7627,9060,33222,69514,1
416,225,17956,8036,7622,9044,33229,69026,1
417,226,16138,7388,7627,9053,33232,66569,1
418,227,17188,7836,7627,9067,33449,68363,1
419,228,18713,8017,7626,9081,33226,69823,1
420,229,19344,8260,7631,9082,33664,71101,1
421,230,20565,8556,7627,9060,33227,72169,1
422,231,23288,8795,7629,9062,33236,75213,1
423,232,22505,8881,7628,9086,33710,74953,1
424,233,22429,8899,7625,9064,33228,75067,1
425,234,23227,8992,7910,9572,33226,76019,1
426,235,22716,8888,7632,9078,33223,74664,1
427,236,22151,8781,7630,9084,33218,74249,1
428,237,21463,8682,7629,9073,33676,73662,1
429,238,20236,8513,7629,9062,33222,71791,1
430,239,19660,8502,7622,9057,33232,71288,1
431,0,11163,6223,7628,9060,33220,61011,1
432,1,12713,6220,7630,9039,33271,62070,1
433,2,11171,6269,7627,9053,33491,60757,1
434,3,12166,6284,7628,9050,33221,61458,1
435,4,12071,6285,7628,9047,33518,61701,1
436,5,11076,6305,7627,9049,33216,60397,1
437,6,12397,6388,7630,9049,33438,62020,1
438,7,12392,6399,7625,9040,33226,61795,1
439,8,11317,6412,7624,9037,33224,60933,1
440,9,12526,6454,7629,9035,33230,61987,1
441,10,12529,6483,7626,9036,33227,62019,1
442,11,12333,6521,7626,9039,33273,61902,1
443,12,13352,6562,7627,9468,33219,63350,1
444,13,13162,6564,7627,9049,33216,62740,1
445,14,13376,6656,7628,9051,33212,63026,1
446,15,13170,6643,7627,9052,33212,62811,1
447,16,13386,6727,7628,9053,33212,63115,1
448,17,13399,6722,7628,9052,33215,63136,1
449,18,13706,6684,7629,9048,33234,63471,1
450,19,13425,6763,7629,9042,33242,63213,1
451,20,14288,6760,7628,9052,33222,64074,1
452,21,13444,6792,7627,9040,33237,63252,1
453,22,14235,6858,7627,9048,33227,64125,1
454,23,14349,6845,7624,9042,33871,64867,1
455,24,15366,6914,7629,9045,33219,65282,1
456,25,14463,6922,8206,9733,33256,65126,1
457,26,15182,6964,7632,9061,33249,65203,1
458,27,15447,6992,7631,9037,33231,65521,1
459,28,15277,6969,7626,9050,33465,65625,1
460,29,14584,7016,7628,9043,33214,64686,1
461,30,15395,7061,7625,9040,33612,65878,1
462,31,14827,7110,7630,9044,33226,64946,1
463,32,16117,7100,7626,9040,33647,66673,1
464,33,15807,7145,7627,9043,33225,65959,1
465,34,15146,7191,7935,9543,33248,66043,1
466,35,15631,7165,7632,9061,33224,65821,1
467,36,16634,7254,7628,9035,33235,66973,1
468,37,15480,7381,7626,9052,33517,66207,1
469,38,16835,7600,7654,9089,33223,67498,1
470,39,17242,7712,7627,9048,33680,68448,1
471,40,18131,7612,7628,9042,33224,68756,1
472,41,17406,8025,7720,9241,33233,68860,1
473,42,15508,7216,7628,9055,33219,65739,1
474,43,13494,6907,7627,9046,33236,63483,1
475,44,12861,6698,7629,9053,33221,62574,1
476,45,12971,6723,7627,9048,33221,62706,1
477,46,13065,6779,7628,9047,33222,62854,1
478,47,14319,6964,7627,9044,33225,64303,1
479,48,13214,6911,7628,9047,33435,63363,1
480,49,13522,6982,7628,9038,33228,63510,1
481,50,14572,7256,7625,9036,33228,64846,1
482,51,14861,7112,7623,9034,33226,64982,1
483,52,14806,7369,7625,9039,33235,65184,1
484,53,15420,7442,7628,9051,33222,65880,1
485,54,16481,7537,7628,9047,33247,67137,1
486,55,16911,7890,7625,9048,33244,67838,1
487,56,17161,7933,7628,9055,33254,68160,1
488,57,16970,7892,7629,9039,33220,67865,1
489,58,18197,7998,7627,9038,33235,69227,1
490,59,17874,8293,7637,9044,33253,69302,1
491,60,16561,7549,7630,9103,33268,67222,1
492,61,17099,7667,7625,9035,33236,67860,1
493,62,16913,7586,7628,9056,33593,67910,1
494,63,17047,7663,7629,9047,33230,67732,1
495,64,16730,7511,7629,9339,33663,68172,1
496,65,16868,7566,7630,9056,33225,67457,1
497,66,20008,7929,7629,9039,33234,71042,1
498,67,20009,8082,7626,9058,33537,71461,1
499,68,20688,8383,7627,9050,33216,72091,1
500,69,18693,8100,7628,9049,33569,70181,1
501,70,17289,7753,7631,9048,33268,68108,1
502,71,18364,7802,7631,9064,33238,69299,1
503,72,17663,7874,7627,9063,33470,68847,1
504,73,20890,8050,7624,9048,33220,71977,1
505,74,22184,8207,7627,9048,33665,73879,1
506,75,22760,8432,7625,9046,33229,74223,1
507,76,25262,8694,7626,9038,33235,77266,1
508,77,25748,9022,7624,9057,33491,78075,1
509,78,21611,8321,7626,9041,33227,72954,1
510,79,21903,8210,7622,9042,33224,73138,1
511,80,20820,8015,7629,9034,33232,71856,1
512,81,20967,8134,7625,9042,33230,72133,1
513,82,22268,8347,7920,9444,33245,74066,1
514,83,23271,8461,7632,9057,33218,74765,1
515,84,22817,8591,7630,9053,33225,74445,1
516,85,24023,8544,7630,9068,33235,75630,1
517,86,24720,8616,7627,9093,33224,76417,1
518,87,23542,8565,7629,9049,33235,75208,1
519,88,23158,8414,7628,9047,33242,74620,1
520,89,18991,7812,7625,9051,33222,69827,1
521,90,22261,8427,7621,9052,33238,73737,1
522,91,21943,8347,7627,9050,33221,73315,1
523,92,23536,8474,7630,9051,33231,75123,1
524,93,23647,8685,7625,9060,33680,75831,1
525,94,25051,8972,7629,9047,33229,77060,1
526,95,25535,9431,7628,9037,33236,78074,1
527,96,26195,9563,7624,9055,33658,79241,1
528,97,26748,9628,7623,9047,33219,79433,1
529,98,23358,8712,7627,9046,33234,75182,1
530,99,20757,8179,7627,9058,33780,72521,1
531,100,21042,8151,7626,9050,33223,72213,1
532,101,22654,8637,7638,9045,33434,74636,1
533,102,22049,8367,7625,9057,33580,73855,1
534,103,23943,8561,7627,9063,33218,75555,1
535,104,24814,8808,8201,9769,33278,77452,1
536,105,25468,9414,7626,9060,33219,77928,1
537,106,26000,9481,7627,9040,33241,78606,1
538,107,24658,9457,7629,9343,33683,78063,1
539,108,25616,9050,7632,9053,33228,77705,1
540,109,24808,8980,7628,9052,33266,76936,1
541,110,19394,8090,7625,9041,33221,70500,1
542,111,18569,8046,7626,9056,33223,69651,1
543,112,19166,8101,7629,9051,33222,70288,1
544,113,19080,8106,7622,9040,33228,70214,1
545,114,17922,7844,7623,9055,33227,69076,1
546,115,18762,7991,7631,9059,33215,69780,1
547,116,18488,8067,7632,9061,33215,69584,1
548,117,18873,8097,7629,9056,33213,69984,1
549,118,19209,8121,7627,9057,33210,70368,1
550,119,18619,8071,7626,9060,33235,69799,1
551,120,18403,7962,7623,9050,33228,69394,1
552,121,20911,8125,7627,9060,33221,72070,1
553,122,22087,8332,7627,9046,33220,73443,1
554,123,22107,8461,7625,9049,33500,74009,1
555,124,22416,8548,7627,9068,33222,74039,1
556,125,22344,8649,7630,9065,33629,74449,1
557,126,22826,8524,7630,9060,33226,74382,1
558,127,22587,8480,7624,9041,33238,74177,1
559,128,21917,8450,7628,9065,33800,73996,1
560,129,21990,8470,7622,9050,33216,73484,1
561,130,20207,8288,7640,9060,33259,71704,1
562,131,18548,7782,7629,9067,33221,69365,1
563,132,19704,7789,7627,9045,33233,70599,1
564,133,18151,7684,7627,9065,33878,69544,1
565,134,18662,7447,7623,9048,33419,69344,1
566,135,15781,7050,8127,9820,33252,66661,1
567,136,14740,6601,7627,9060,33222,64373,1
568,137,12242,6639,7697,9151,33273,62172,1
569,138,7886,5197,7626,9060,33220,56095,1
570,139,6837,5077,8211,9748,33247,55648,1
571,140,7215,4901,7629,9072,33224,55147,1
572,141,7984,5193,7633,9548,33356,56981,1
573,142,9499,5764,7623,9052,33227,58277,1
574,143,9826,5855,7624,9476,33227,59128,1
575,144,10736,5998,7630,9058,33220,59765,1
576,145,12054,6490,7627,9068,33224,61566,1
577,146,13205,6726,7623,9060,33220,62952,1
578,147,13528,6832,7628,9056,33225,63384,1
579,148,13454,6915,7623,9050,33223,63398,1
580,149,15154,7171,7629,9065,33231,65625,1
581,150,15886,7548,7625,9064,33224,66476,1
582,151,16517,7550,7629,9067,33218,67106,1
583,152,16636,7754,7627,9056,33219,67416,1
584,153,16559,7667,7628,9080,33259,67355,1
585,154,16992,8026,7639,9072,33249,68164,1
586,155,20356,8198,7628,9069,33218,71579,1
587,156,20507,8406,7625,9067,33236,71968,1
588,157,20858,8656,7632,9071,33217,72544,1
589,158,21943,8981,7624,9060,33241,73979,1
590,159,23075,9093,7631,9055,33234,75284,1
591,160,21641,9087,7631,9073,33725,74287,1
592,161,22437,9042,7627,9052,33225,74512,1
593,162,21295,8832,8085,9624,33249,73771,1
594,163,20550,8655,7632,9073,33224,72254,1
595,164,21250,8665,7629,9049,33234,73021,1
596,165,20273,8603,7624,9066,33576,72285,1
597,166,19018,8357,7627,9059,33272,70458,1
598,167,19184,8505,7634,9055,33255,70839,1
599,168,19666,8144,7629,9071,33211,70838,1
600,169,18401,8031,7627,9072,33217,69543,1
601,170,17586,7893,7859,9381,33604,69238,1
602,171,17975,7751,7628,9056,33227,68755,1
603,172,17044,7706,8206,9746,33276,68546,1
604,173,16755,7643,7627,9071,33222,67446,1
605,174,16809,7525,7630,9054,33234,67446,1
606,175,17067,7573,7627,9063,33462,67940,1
607,176,16962,7625,7627,9061,33216,67615,1
608,177,17459,7588,7627,9056,33541,68404,1
609,178,17011,7680,7626,9054,33224,67725,1
610,179,17098,7593,7627,9051,33224,67717,1
611,180,16700,7582,7628,9052,33229,67334,1
612,181,17398,7633,7630,9056,33209,68058,1
613,182,17000,7594,7628,9058,33439,67865,1
614,183,18495,7664,7628,9054,33230,69190,1
615,184,19425,7780,7627,9051,33221,70238,1
616,185,18409,7790,7626,9049,33225,69220,1
617,186,17980,7610,7627,9049,33227,68619,1
618,187,18830,7606,7627,9062,33331,69624,1
619,188,17698,7594,7627,9055,33218,68309,1
620,189,17398,7588,7628,9061,33218,68013,1
621,190,19135,7715,7624,9053,33224,69892,1
622,191,18560,7809,7623,9058,33223,69405,1
623,192,19362,7794,7631,9064,33452,70553,1
624,193,18291,7719,7630,9086,33228,69112,1
625,194,19698,7927,7629,9070,33643,71107,1
626,195,19342,7933,7623,9059,33226,70341,1
627,196,18279,8216,7635,9060,33255,69655,1
628,197,20223,8133,7632,9079,33216,71407,1
629,198,20223,8117,7628,9061,33234,71724,1
630,199,19595,8069,7623,9069,33643,71140,1
631,200,19015,8157,7629,9060,33228,70212,1
632,201,20042,8459,7637,9060,33254,71660,1
633,202,20068,8316,7631,9077,33422,71661,1
634,203,19870,8358,7628,9066,33400,71474,1
635,204,20677,8429,7628,9064,33642,72575,1
636,205,20068,8408,7622,9051,33230,71509,1
637,206,20210,8452,7627,9059,33274,71831,1
638,207,20282,8445,7627,9079,33445,72033,1
639,208,20001,8511,7622,9062,33254,71585,1
640,209,19455,8462,7630,9068,33536,71284,1
641,210,20959,8497,7629,9071,33227,72504,1
642,211,21087,8457,7629,9066,33234,72660,1
643,212,20372,8452,7627,9067,33225,71870,1
644,213,20450,8402,7625,9062,33225,71894,1
645,214,19954,8383,7629,9063,33224,71396,1
646,215,19367,8371,7627,9060,33225,70776,1
647,216,19755,8363,7626,9061,33235,71228,1
648,217,20253,8364,7628,9069,33228,71664,1
649,218,18767,8086,7629,9070,33222,69904,1
650,219,18068,8101,7625,9063,33219,69202,1
651,220,18679,8168,7629,9070,33215,69890,1
652,221,17840,8052,7628,9071,33235,69006,1
653,222,18063,8030,7691,9166,33225,69230,1
654,223,17349,7992,7628,9068,33228,68394,1
655,224,18526,7949,7628,9060,33226,69517,1
656,225,17958,8039,7623,9059,33231,69040,1
657,226,17084,7404,7636,9083,33228,67645,1
658,227,17178,7831,7631,9087,33493,68384,1
659,228,18678,8011,7626,9085,33219,69755,1
660,229,19323,8257,7628,9070,33663,71096,1
661,230,20549,8556,7629,9062,33225,72143,1
662,231,23257,8789,7628,9061,33234,75215,1
663,232,22482,8878,7623,9072,33771,74972,1
664,233,22415,8900,7625,9062,33228,75063,1
665,234,23206,9555,7716,9183,33256,76058,1
666,235,22706,8892,7628,9068,33219,74646,1
667,236,22127,8755,7628,9081,33211,73980,1
668,237,21588,8682,7627,9069,33534,73702,1
669,238,20210,8518,7628,9071,33227,71778,1
670,239,19632,8504,7625,9060,33269,71305,1
671,0,11154,6223,7624,9060,33216,60998,1
672,1,12728,6224,7626,9033,33233,62045,1
673,2,11165,6270,7623,9050,33552,60819,1
674,3,12178,6285,7627,9043,33210,61460,1
675,4,12072,6280,7628,9056,33514,61672,1
676,5,11079,6310,7627,9043,33219,60392,1
677,6,12393,6388,7629,9039,33227,61794,1
678,7,12401,6395,7626,9036,33223,61799,1
679,8,11315,6416,7626,9046,33228,60939,1
680,9,12523,6450,7630,9043,33217,61965,1
681,10,12526,6482,7625,9032,33430,62230,1
682,11,12324,6539,7622,9053,33221,61911,1
683,12,13346,6560,7628,9044,33220,62923,1
684,13,13168,6564,7628,9035,33227,62737,1
685,14,13381,6654,7629,9043,33229,63050,1
686,15,13170,6645,7666,9108,33213,62889,1
687,16,13596,6727,7627,9044,33232,63408,1
688,17,13395,6710,7628,9046,33244,63134,1
689,18,13496,6683,7629,9045,33223,63196,1
690,19,13422,6765,7627,9044,33242,63216,1
691,20,14290,6762,7628,9041,33225,64064,1
692,21,13427,6792,7627,9049,33966,64003,1
693,22,14233,6865,7629,9039,33224,64106,1
694,23,14337,6843,7624,9045,33577,64566,1
695,24,15356,6917,7628,9043,33227,65278,1
696,25,14475,6921,8058,9614,33252,65025,1
697,26,15178,6964,7633,9054,33259,65204,1
698,27,15466,6993,7621,9031,33229,65542,1
699,28,15278,6969,7626,9050,33533,65601,1
700,29,14601,7016,7626,9042,33216,64618,1
701,30,15401,7060,7624,9046,33656,65926,1
702,31,14828,7107,7629,9039,33224,64941,1
703,32,16118,7101,7626,9044,33573,66600,1
704,33,15793,7139,7628,9043,33221,65958,1
705,34,15154,7857,7665,9085,33257,66192,1
706,35,15633,7168,7626,9056,33217,65812,1
707,36,16645,7256,7626,9039,33272,67046,1
708,37,15486,7380,7625,9057,33523,66213,1
709,38,16838,7600,7627,9051,33219,67465,1
710,39,17243,7714,7628,9046,33876,68647,1
711,40,18127,7609,7627,9040,33222,68744,1
712,41,17488,7678,7635,9047,33252,68304,1
713,42,15510,7217,7631,9069,33223,65762,1
714,43,13290,6906,7631,9058,33235,63225,1
715,44,12852,6698,7631,9060,33218,62571,1
716,45,12968,6723,7631,9052,33239,62725,1
717,46,13061,6779,7632,9066,33479,63141,1
718,47,14310,6971,7628,9041,33225,64291,1
719,48,13208,6912,7628,9039,33230,63135,1
